 244.25, 
 261.70, 
 254.67, 
 262.43, 
 267.77, 
 268.02, 
 273.18, 
 264.68, 
 268.14, 
 271.30, 
 294.37, 
 310.61, 
 308.71, 
 311.68, 
 318.38, 
 339.14, 
 298.78, 
 311.50, 
 317.59, 
 292.04, 
 295.08, 
 291.36, 
 301.31, 
 283.12, 
 287.42, 
 288.29, 
 304.84, 
 312.12, 
 307.51, 
 289.11, 
 268.65, 
 274.66, 
 269.26, 
 226.17, 
 228.44, 
 198.52, 
 210.81, 
 225.64, 
 220.81, 
 228.43, 
 225.24, 
 217.58, 
 212.52, 
 216.30, 
 219.19, 
 218.83, 
 207.42, 
 211.25, 
 210.95, 
 209.61, 
 218.42, 
 216.80, 
 217.69, 
 222.06, 
 221.81, 
 233.53, 
 226.28, 
 225.94, 
 221.52, 
 210.58, 
 206.49, 
 216.74, 
 211.47, 
 209.22, 
 187.11, 
 188.16, 
 185.03, 
 185.61, 
 194.36, 
 202.17, 
 196.26, 
 187.56, 
 190.48, 
 194.02, 
 190.60, 
 186.49, 
 188.64, 
 187.25, 
 173.06, 
 168.90, 
 168.41, 
 171.52, 
 170.80, 
 178.12, 
 178.79, 
 174.74, 
 173.73, 
 169.09, 
 177.57, 
 181.47, 
 180.57, 
 179.89, 
 178.28, 
 180.70, 
 180.97, 
 188.10, 
 189.05, 
 197.47, 
 208.13, 
 210.13, 
 220.23, 
 218.01, 
 215.05, 
 211.19, 
 200.75, 
 166.04, 
 169.93, 
 165.83, 
 173.76, 
 173.57, 
 169.23, 
 180.55, 
 175.66, 
 180.32, 
 174.52, 
 175.59, 
 176.20, 
 170.10, 
 179.85, 
 180.58, 
 192.77, 
 191.17, 
 180.57, 
 179.76, 
 181.09, 
 186.63, 
 180.47, 
 174.59, 
 177.16, 
 172.71, 
 171.84, 
 175.16, 
 174.07, 
 171.23, 
 162.29, 
 160.41, 
 181.43, 
 179.55, 
 183.98, 
 181.70, 
 190.43, 
 183.15, 
 182.18, 
 182.81, 
 182.96, 
 181.52, 
 185.80, 
 188.54, 
 191.05, 
 186.62, 
 183.77, 
 184.88, 
 188.95, 
 185.02, 
 187.07, 
 188.11, 
 184.94, 
 180.04, 
 182.37, 
 183.79, 
 178.23, 
 175.92, 
 174.68, 
 161.00, 
 149.58, 
 151.71, 
 140.01, 
 145.63, 
 147.46, 
 152.53, 
 150.76, 
 154.50, 
 151.53, 
 150.79, 
 148.66, 
 147.17, 
 145.33, 
 148.09, 
 148.47, 
 147.15, 
 150.42, 
 147.40, 
 145.56, 
 143.41, 
 144.88, 
 144.77, 
 141.83, 
 142.45, 
 132.73, 
 121.94, 
 132.63, 
 128.11, 
 128.19, 
 127.00, 
 132.13, 
 127.79, 
 127.72, 
 125.09, 
 125.59, 
 126.29, 
 128.09, 
 134.35, 
 131.59, 
 129.17, 
 130.68, 
 127.09, 
 134.27, 
 134.17, 
 135.37, 
 144.08, 
 142.94, 
 140.63, 
 137.75, 
 144.88, 
 142.38, 
 146.50, 
 143.51, 
 166.15, 
 166.48, 
 164.54, 
 170.20, 
 174.17, 
 166.84, 
 166.81, 
 169.45, 
 168.05, 
 162.81, 
 162.54, 
 160.49, 
 167.83, 
 170.08, 
 175.56, 
 173.86, 
 184.75, 
 180.00, 
 183.69, 
 188.30, 
 189.81, 
 188.97, 
 203.80, 
 213.21, 
 223.69, 
 223.18, 
 228.62, 
 223.01, 
 236.92, 
 265.39, 
 268.95, 
 285.58, 
 265.00, 
 260.09, 
 267.48, 
 282.26, 
 258.61, 
 257.83, 
 265.05, 
 261.64, 
 274.81, 
 265.51, 
 246.92, 
 224.01, 
 227.26, 
 226.98, 
 217.33, 
 218.21, 
 231.93, 
 223.89, 
 224.48, 
 228.39, 
 245.11, 
 237.32, 
 199.35, 
 203.29, 
 200.38, 
 194.67, 
 138.18, 
 122.68, 
 123.77, 
 110.85, 
 116.23, 
 118.25, 
 136.58, 
 133.47, 
 132.67, 
 122.22, 
 136.15, 
 138.48, 
 136.00, 
 138.44, 
 131.38, 
 131.14, 
 124.47, 
 132.02, 
 132.81, 
 135.67, 
 141.61, 
 141.24, 
 144.06, 
 142.66, 
 171.34, 
 164.65, 
 173.12, 
 169.73, 
 157.92, 
 158.31, 
 159.43, 
 156.34, 
 158.39, 
 152.80, 
 172.40, 
 170.55, 
 187.51, 
 180.11, 
 170.36, 
 170.70, 
 182.77, 
 185.51, 
 187.44, 
 194.20, 
 197.25, 
 196.46, 
 196.69, 
 215.48, 
 206.68, 
 212.04, 
 213.88, 
 209.76, 
 206.66, 
 205.29, 
 198.82, 
 211.90, 
 211.40, 
 210.24, 
 187.85, 
 186.30, 
 189.81, 
 199.62, 
 203.05, 
 194.77, 
 200.48, 
 207.03, 
 214.90, 
 214.51, 
 210.06, 
 198.37, 
 207.37, 
 206.55, 
 199.71, 
 204.09, 
 200.89, 
 208.24, 
 219.91, 
 220.67, 
 243.53, 
 231.93, 
 247.97, 
 237.86, 
 244.38, 
 243.32, 
 240.11, 
 242.05, 
 244.55, 
 246.15, 
 243.74, 
 247.73, 
 230.38, 
 237.56, 
 238.10, 
 231.71, 
 230.83, 
 235.31, 
 233.78, 
 231.26, 
 229.03, 
 228.84, 
 228.04, 
 243.11, 
 243.16, 
 234.67, 
 232.53, 
 229.54, 
 220.94, 
 224.83, 
 227.85, 
 225.59, 
 230.84, 
 226.40, 
 224.91, 
 229.22, 
 227.94, 
 241.54, 
 239.38, 
 247.01, 
 242.06, 
 241.15, 
 239.18, 
 242.84, 
 239.70, 
 240.37, 
 238.62, 
 233.62, 
 232.68, 
 235.65, 
 238.96, 
 236.00, 
 245.53, 
 264.04, 
 275.33, 
 279.18, 
 305.47, 
 311.09, 
 321.60, 
 316.84, 
 317.11, 
 334.82, 
 346.43, 
 387.01, 
 372.39, 
 385.76, 
 389.41, 
 400.68, 
 394.78, 
 379.36, 
 396.89, 
 390.25, 
 395.51, 
 378.87, 
 387.05, 
 424.56, 
 437.99, 
 432.25, 
 433.79, 
 430.01, 
 422.37, 
 406.68, 
 415.80, 
 387.96, 
 395.29, 
 390.62, 
 407.92, 
 383.12, 
 385.67, 
 382.99, 
 395.01, 
 398.64, 
 429.42, 
 433.79, 
 475.95, 
 439.48, 
 381.51, 
 385.66, 
 334.82, 
 352.50, 
 353.31, 
 336.95, 
 351.12, 
 368.04, 
 373.96, 
 387.78, 
 365.71, 
 377.13, 
 364.07, 
 364.75, 
 389.42, 
 384.40, 
 385.20, 
 370.82, 
 340.23, 
 344.19, 
 319.98, 
 349.13, 
 351.84, 
 353.88, 
 357.46, 
 353.87, 
 359.79, 
 359.73, 
 353.05, 
 345.73, 
 345.90, 
 352.47, 
 353.47, 
 340.87, 
 341.76, 
 350.79, 
 365.00, 
 370.54, 
 374.16, 
 386.51, 
 381.08, 
 378.70, 
 377.51, 
 365.40, 
 368.34, 
 378.25, 
 379.17, 
 368.50, 
 390.82, 
 413.80, 
 409.54, 
 412.13, 
 405.76, 
 392.97, 
 403.40, 
 388.33, 
 387.24, 
 382.49, 
 386.51, 
 396.67, 
 383.14, 
 387.89, 
 402.30, 
 416.56, 
 455.63, 
 435.33, 
 454.55, 
 444.28, 
 450.35, 
 463.19, 
 462.41, 
 476.42, 
 460.68, 
 448.06, 
 460.31, 
 482.02, 
 478.53, 
 471.01, 
 510.18, 
 552.03, 
 560.27, 
 608.67, 
 605.04, 
 569.38, 
 519.36, 
 518.63, 
 537.72, 
 575.57, 
 616.30, 
 585.14, 
 598.09, 
 615.90, 
 567.49, 
 596.79, 
 601.51, 
 591.24, 
 555.14, 
 573.57, 
 558.21, 
 543.91, 
 568.02, 
 590.94, 
 586.35, 
 588.89, 
 637.31, 
 643.45, 
 653.70, 
 658.58, 
 638.37, 
 607.70, 
 637.43, 
 585.75, 
 612.31, 
 627.02, 
 636.58, 
 683.74, 
 730.02, 
 731.90, 
 751.67, 
 735.96, 
 728.89, 
 774.41, 
 973.85, 
 1042.19, 
 1099.39, 
 1208.50, 
 1224.59, 
 1215.78, 
 1275.46, 
 1255.79, 
 1086.90, 
 1050.00, 
 1132.30, 
 1233.86, 
 1172.12, 
 1228.18, 
 1233.84, 
 1258.20, 
 1372.00, 
 1377.51, 
 1118.01, 
 1234.38, 
 1233.30, 
 1389.84, 
 1317.57, 
 1365.64, 
 1249.01, 
 1327.17, 
 1379.59, 
 1376.41, 
 1312.52, 
 1373.00, 
 1511.00, 
 1664.55, 
 1597.42, 
 1719.33, 
 1676.39, 
 1613.39, 
 1749.19, 
 1770.99, 
 1742.34, 
 1786.79, 
 1840.72, 
 1815.70, 
 1800.28, 
 1779.26, 
 1781.08, 
 1847.45, 
 1938.76, 
 1955.60, 
 1913.62, 
 1933.46, 
 1777.54, 
 1578.10, 
 1623.74, 
 1473.24, 
 1445.50, 
 1459.12, 
 1418.41, 
 1570.00, 
 1489.91, 
 1571.23, 
 1538.53, 
 1531.27, 
 1647.84, 
 1728.42, 
 1830.72, 
 1868.46, 
 1793.70, 
 1826.00, 
 1767.32, 
 1920.79, 
 1853.88, 
 1792.01, 
 1804.06, 
 1823.37, 
 1775.91, 
 1809.76, 
 1805.00, 
 1783.85, 
 1683.69, 
 1668.18, 
 1582.05, 
 1586.16, 
 1698.70, 
 1712.66, 
 1686.86, 
 1816.35, 
 1840.15, 
 1917.84, 
 1968.07, 
 2133.69, 
 2008.87, 
 2076.25, 
 2104.50, 
 2111.83, 
 1961.39, 
 2080.18, 
 2067.31, 
 2134.00, 
 2151.03, 
 2138.25, 
 2299.81, 
 2431.24, 
 2515.26, 
 2423.10, 
 2319.96, 
 2237.12, 
 2160.56, 
 2333.26, 
 2362.57, 
 2398.49, 
 2367.19, 
 2217.30, 
 2315.98, 
 2533.00, 
 2665.04, 
 2745.83, 
 2757.06, 
 2772.56, 
 2944.45, 
 2950.65, 
 3429.22, 
 3306.10, 
 3522.28, 
 3489.72, 
 3482.42, 
 3905.00, 
 3922.42, 
 3949.89, 
 4173.45, 
 3794.89, 
 3720.09, 
 4074.53, 
 3639.98, 
 3582.54, 
 3280.00, 
 3376.96, 
 2434.95, 
 2782.00, 
 2433.20, 
 2289.94, 
 2101.89, 
 2647.35, 
 2705.20, 
 2885.06, 
 2743.08, 
 2418.02, 
 2275.00, 
 2386.93, 
 2710.07, 
 2633.59, 
 2704.73, 
 2853.36, 
 2687.89, 
 2629.00, 
 2713.91, 
 2591.78, 
 2508.22, 
 2609.32, 
 2469.52, 
 2351.45, 
 2366.32, 
 2508.47, 
 2582.66, 
 2544.50, 
 2367.01, 
 2370.74, 
 2229.53, 
 2166.82, 
 2243.93, 
 1891.79, 
 1875.60, 
 1968.92, 
 1988.69, 
 1810.65, 
 1830.49, 
 1979.73, 
 2082.95, 
 2158.32, 
 2273.84, 
 2108.01, 
 2155.28, 
 2225.57, 
 2323.17, 
 2198.16, 
 2324.71, 
 2316.15, 
 2121.52, 
 2146.27, 
 2111.19, 
 2138.86, 
 2035.09, 
 1940.72, 
 1994.71, 
 1917.21, 
 1878.20, 
 1897.70, 
 1892.84, 
 1817.93, 
 1786.03, 
 1994.43, 
 2024.57, 
 2123.93, 
 2151.60, 
 2189.62, 
 2228.10, 
 2299.86, 
 2299.07, 
 2380.49, 
 2461.13, 
 2532.19, 
 2556.07, 
 2608.01, 
 2508.60, 
 2725.27, 
 2826.99, 
 2889.01, 
 3162.67, 
 3011.94, 
 3162.59, 
 3140.86, 
 3163.73, 
 3043.03, 
 3322.35, 
 3264.91, 
 3307.51, 
 3147.72, 
 3015.00, 
 3016.88, 
 3184.98, 
 3283.69, 
 3226.33, 
 3240.90, 
 3322.69, 
 3173.55, 
 3228.54, 
 3091.97, 
 3276.81, 
 3246.65, 
 3225.21, 
 3228.11, 
 3432.83, 
 3829.08, 
 3787.22, 
 3938.28, 
 3887.32, 
 3954.03, 
 3928.66, 
 3425.80, 
 3499.66, 
 3422.99, 
 3206.93, 
 3265.83, 
 3408.02, 
 3285.01, 
 3429.46, 
 3614.81, 
 3569.94, 
 3398.20, 
 3437.49, 
 3329.08, 
 2975.96, 
 2761.41, 
 3077.49, 
 3154.84, 
 2929.92, 
 2927.52, 
 3063.39, 
 2926.02, 
 2807.67, 
 2851.72, 
 2999.86, 
 3309.58, 
 3388.26, 
 3416.18, 
 3383.17, 
 3517.82, 
 3575.58, 
 3586.93, 
 3559.24, 
 3574.23, 
 3414.72, 
 3545.08, 
 3489.00, 
 3607.21, 
 3790.18, 
 3868.99, 
 3828.25, 
 3844.63, 
 3747.62, 
 3876.71, 
 4160.21, 
 4054.15, 
 3970.90, 
 4168.78, 
 4083.18, 
 4220.35, 
 4129.69, 
 3921.72, 
 4284.51, 
 4413.79, 
 4321.56, 
 4287.60, 
 4320.91, 
 4585.74, 
 4602.42, 
 4535.53, 
 4474.98, 
 4517.27, 
 4611.73, 
 4808.09, 
 4731.68, 
 4633.95, 
 4720.86, 
 4665.46, 
 4644.58, 
 4625.76, 
 4563.04, 
 4208.42, 
 4290.99, 
 4003.13, 
 4295.39, 
 4408.00, 
 4268.16, 
 4086.52, 
 4340.45, 
 4270.00, 
 4519.71, 
 4034.41, 
 4093.56, 
 4297.52, 
 4442.82, 
 4631.22, 
 4582.96, 
 4512.71, 
 4217.78, 
 4118.06, 
 4194.60, 
 4352.66, 
 4307.11, 
 4435.24, 
 4107.82, 
 3903.58, 
 4075.23, 
 4131.84, 
 3780.13, 
 3860.41, 
 4018.94, 
 3956.35, 
 3878.43, 
 3959.77, 
 3925.80, 
 3944.49, 
 4016.27, 
 3979.47, 
 4109.70, 
 4043.19, 
 4092.69, 
 4061.17, 
 4036.24, 
 3793.17, 
 3627.17, 
 3709.42, 
 3677.70, 
 3765.36, 
 3831.24, 
 3764.48, 
 3790.83, 
 3535.07, 
 3407.21, 
 3195.35, 
 3079.66, 
 3150.42, 
 3085.46, 
 3237.93, 
 3370.48, 
 3242.44, 
 3307.74, 
 3328.08, 
 3346.47, 
 3209.25, 
 3159.96, 
 3084.20, 
 3004.19, 
 2571.12, 
 2412.48, 
 2540.45, 
 2440.81, 
 2458.27, 
 2461.30, 
 2424.67, 
 2545.99, 
 2600.33, 
 2602.60, 
 2686.66, 
 2786.91, 
 2680.68, 
 2692.97, 
 2994.99, 
 3013.48, 
 3056.40, 
 3149.68, 
 3115.80, 
 3243.32, 
 3071.51, 
 2927.53, 
 2916.88, 
 2871.02, 
 2928.97, 
 3181.93, 
 3122.02, 
 2893.95, 
 2779.49, 
 2763.76, 
 2618.76, 
 2570.49, 
 2637.25, 
 2578.09, 
 2596.16, 
 2767.33, 
 2776.37, 
 2616.15, 
 2922.35, 
 2975.66, 
 2946.73, 
 2834.85, 
 2622.15, 
 2665.42, 
 2549.40, 
 2492.53, 
 2577.21, 
 2726.94, 
 2606.50, 
 2556.96, 
 2569.80, 
 2516.75, 
 2589.30, 
 2617.43, 
 2773.94, 
 2812.29, 
 2939.76, 
 2949.67, 
 2861.79, 
 2891.76, 
 2969.68, 
 3036.14, 
 3110.75, 
 3103.46, 
 3146.08, 
 3295.65, 
 3329.20, 
 3402.07, 
 3385.69, 
 3282.39, 
 3456.35, 
 3442.29, 
 3521.13, 
 3520.39, 
 3407.03, 
 3169.48, 
 3228.94, 
 3187.88, 
 3260.43, 
 3197.99, 
 2978.08, 
 3027.65, 
 3116.93, 
 3021.98, 
 3042.40, 
 3058.82, 
 2989.19, 
 3055.80, 
 3101.97, 
 3076.44, 
 2984.00, 
 2963.00, 
 2931.94, 
 2922.01, 
 3005.87, 
 2810.34, 
 2888.94, 
 2937.10, 
 2816.59, 
 2727.10, 
 2825.64, 
 2855.98, 
 2781.46, 
 2940.55, 
 2747.49, 
 2692.85, 
 2636.02, 
 2520.01, 
 2229.10, 
 2342.04, 
 2078.80, 
 1954.45, 
 2009.55, 
 2056.34, 
 2146.00, 
 2022.99, 
 2091.13, 
 1911.83, 
 2019.33, 
 1959.93, 
 1975.16, 
 2043.28, 
 1972.98, 
 1979.40, 
 1942.91, 
 1793.48, 
 1724.33, 
 1792.22, 
 1813.52, 
 1998.30, 
 1941.78, 
 1817.65, 
 1834.65, 
 1775.22, 
 1804.57, 
 1806.14, 
 1860.00, 
 1812.94, 
 1792.96, 
 1788.00, 
 1663.02, 
 1531.39, 
 1435.29, 
 1206.34, 
 1210.94, 
 1237.95, 
 1068.54, 
 1086.58, 
 95.58 ,
 1128.45, 
 1128.29, 
 1126.06, 
 1049.07, 
 1144.31, 
 1225.11, 
 1241.80, 
 1197.82, 
 1190.87, 
 1144.02, 
 1099.54, 
 1068.66, 
 1058.91, 
 1066.62, 
 1074.06, 
 1151.27, 
 1134.03, 
 1186.48, 
 1238.19, 
 1216.52, 
 1216.93, 
 1167.35, 
 1096.45, 
 1038.63, 
 1115.93, 
 1192.78, 
 1230.92, 
 1355.97, 
 1337.84, 
 1584.77, 
 1543.67, 
 1520.44, 
 1575.74, 
 1534.78, 
 1549.56, 
 1598.22, 
 1438.62, 
 1450.91, 
 1635.98, 
 1726.11, 
 1720.74, 
 1695.79, 
 1680.07, 
 1630.15, 
 1631.44, 
 1618.04, 
 1606.94, 
 1737.91, 
 1690.56, 
 1700.27, 
 1778.35, 
 1702.80, 
 1853.42, 
 1880.29, 
 1957.55, 
 1983.54, 
 1935.03, 
 1900.25, 
 1876.68, 
 1834.25, 
 1846.56, 
 1609.52, 
 1575.58, 
 1618.23, 
 1626.83, 
 1665.40, 
 1656.64, 
 1695.34, 
 1507.97, 
 1490.76, 
 1426.20, 
 1552.52, 
 1523.22, 
 1555.18, 
 1585.48, 
 1575.23, 
 1557.57, 
 1578.86, 
 1617.49, 
 1557.84, 
 1629.57, 
 1634.78, 
 1718.78, 
 1774.35, 
 1766.99, 
 1716.43, 
 1574.39, 
 1637.85, 
 1472.52, 
 1433.95, 
 1468.69, 
 1335.11, 
 1376.00, 
 1323.32, 
 1247.90, 
 1325.99, 
 1328.00, 
 1317.00, 
 1294.21, 
 1337.01, 
 1328.17, 
 1337.35, 
 1336.10, 
 1328.72, 
 1311.78, 
 1275.52, 
 1323.40, 
 1361.50, 
 1352.05, 
 1352.16, 
 1331.09, 
 1315.05, 
 1323.42, 
 1290.03, 
 1279.96, 
 1294.57, 
 1287.30, 
 1296.75, 
 1274.93, 
 1305.95, 
 1331.40, 
 1310.81, 
 1285.34, 
 1282.82, 
 1299.75, 
 1313.62, 
 1364.19, 
 1343.88, 
 1459.53, 
 1566.13, 
 1514.17, 
 1554.40, 
 1619.61, 
 1590.45, 
 1572.86, 
 1579.63, 
 1519.08, 
 1531.01, 
 1645.01, 
 1627.00, 
 1571.03, 
 1567.46, 
 1335.23, 
 1100.68, 
 1299.17, 
 1288.72, 
 1256.22, 
 1221.41, 
 1242.63, 
 1253.46, 
 1206.19, 
 1207.00, 
 1207.34, 
 1217.67, 
 1142.88, 
 1107.49, 
 1139.78, 
 1185.79, 
 1203.74, 
 1198.08, 
 1205.14, 
 1193.35, 
 1167.71, 
 1216.54, 
 1294.39, 
 1276.04, 
 1295.69, 
 1240.44, 
 1279.73, 
 1259.54, 
 1271.25, 
 1231.03, 
 1280.24, 
 1262.85, 
 1266.61, 
 1263.39, 
 1274.98, 
 1320.73, 
 1307.24, 
 1266.26, 
 1166.67, 
 1187.15, 
 1182.64, 
 1167.82, 
 1217.18, 
 1213.92, 
 1217.46, 
 1219.99, 
 1220.44, 
 1218.65, 
 1227.62, 
 1211.55, 
 1189.93, 
 1200.80, 
 1199.99, 
 1195.65, 
 1200.51, 
 1215.91, 
 1214.55, 
 1256.91, 
 1250.94, 
 1269.13, 
 1263.90, 
 1288.25, 
 1320.49, 
 1335.14, 
 1389.84, 
 1416.08, 
 1450.89, 
 1550.06, 
 1552.69, 
 1576.93, 
 1564.63, 
 1511.24, 
 1551.09, 
 1660.02, 
 1625.49, 
 1627.01, 
 1626.53, 
 1555.97, 
 1611.22, 
 1602.60, 
 1597.61, 
 1573.11, 
 1646.00, 
 1566.50, 
 1585.25, 
 1642.18, 
 1641.56, 
 1663.78, 
 1666.92, 
 1629.45, 
 1613.71, 
 1671.43, 
 1651.02, 
 1545.34, 
 1513.80, 
 1538.33, 
 1515.44, 
 1505.90, 
 1555.44, 
 1675.47, 
 1640.81, 
 1693.97, 
 1691.62, 
 1681.51, 
 1703.28, 
 1659.41, 
 1643.40, 
 1650.52, 
 1608.24, 
 1594.66, 
 1641.61, 
 1633.66, 
 1604.69, 
 1666.13, 
 1647.86, 
 1569.46, 
 1566.74, 
 1564.36, 
 1565.84, 
 1561.79, 
 1533.04, 
 1437.48, 
 1426.71, 
 1471.03, 
 1580.17, 
 1673.83, 
 1700.10, 
 1649.60, 
 1673.73, 
 1789.42, 
 1758.65, 
 1780.15, 
 1732.31, 
 1801.56, 
 1734.34, 
 1814.09, 
 1749.24, 
 1742.33, 
 1774.04, 
 1714.61, 
 1772.64, 
 1793.17, 
 1793.60, 
 1821.61, 
 1820.79, 
 1795.05, 
 1810.79, 
 1870.53, 
 1908.98, 
 1872.35, 
 1863.45, 
 1848.96, 
 1858.92, 
 1910.36, 
 1889.87, 
 1916.55, 
 2012.01, 
 2099.99, 
 2090.60, 
 2119.36, 
 2074.00, 
 2103.50, 
 1933.73, 
 1942.98, 
 1848.78, 
 1874.16, 
 1862.00, 
 1841.84, 
 1865.92, 
 1866.01, 
 1908.68, 
 1890.94, 
 1907.80, 
 1870.09, 
 1830.73, 
 1870.08, 
 1905.12, 
 1877.07, 
 1993.30, 
 1896.33, 
 1870.40, 
 1847.56, 
 1846.52, 
 1840.84, 
 1794.30, 
 1807.45, 
 1795.11, 
 1799.21, 
 1816.20, 
 1824.21, 
 1822.12, 
 1800.56, 
 1812.32, 
 1819.42, 
 1804.91, 
 1817.35, 
 1854.05, 
 1799.89, 
 1805.60, 
 1827.79, 
 1829.89, 
 1908.64, 
 1892.60, 
 1900.59, 
 1873.63, 
 1861.78, 
 1906.68, 
 1892.06, 
 1890.01, 
 1810.50, 
 1884.64, 
 1832.13, 
 1845.64, 
 1840.37, 
 1751.53, 
 1752.76, 
 1742.57, 
 1740.12, 
 1650.95, 
 1666.96, 
 1717.92, 
 1727.76, 
 1720.95, 
 1737.11, 
 1791.99, 
 1889.11, 
 1872.01, 
 1892.63, 
 1874.96, 
 1898.80, 
 1858.97, 
 1889.58, 
 1828.02, 
 1851.99, 
 1933.79, 
 1924.50, 
 1937.48, 
 1955.54, 
 1936.20, 
 1910.36, 
 1846.17, 
 1870.91, 
 1865.24, 
 1862.80, 
 1880.40, 
 1878.30, 
 1871.82, 
 2004.49, 
 1937.83, 
 1931.41, 
 1922.11, 
 1911.20, 
 1897.21, 
 1888.63, 
 1891.59, 
 1891.73, 
 1866.52, 
 1888.73, 
 1850.00, 
 1857.66, 
 1872.00, 
 1861.28, 
 1874.19, 
 1880.46, 
 1861.79, 
 1856.14, 
 1873.47, 
 1839.90, 
 1835.81, 
 1830.23, 
 1836.48, 
 1830.28, 
 1829.10, 
 1856.30, 
 1855.35, 
 1852.47, 
 1848.84, 
 1849.93, 
 1840.73, 
 1845.50, 
 1828.98, 
 1807.81, 
 1681.49, 
 1661.59, 
 1669.67, 
 1685.24, 
 1667.55, 
 1634.99, 
 1679.61, 
 1661.16, 
 1653.80, 
 1647.04, 
 1658.33, 
 1653.08, 
 1729.42, 
 1705.23, 
 1645.76, 
 1629.12, 
 1637.03, 
 1635.84, 
 1630.51, 
 1634.45, 
 1633.15, 
 1648.11, 
 1636.44, 
 1635.54, 
 1617.42, 
 1551.85, 
 1592.97, 
 1607.62, 
 1626.47, 
 1641.29, 
 1634.40, 
 1622.48, 
 1636.66, 
 1643.12, 
 1622.26, 
 1583.94, 
 1593.08, 
 1593.86, 
 1580.71, 
 1588.33, 
 1594.01, 
 1598.64, 
 1652.99, 
 1667.45, 
 1670.89, 
 1733.79, 
 1662.40, 
 1656.88, 
 1646.58, 
 1611.79, 
 1645.03, 
 1633.57, 
 1632.84, 
 1580.13, 
 1567.63, 
 1566.87, 
 1539.61, 
 1552.16, 
 1554.94, 
 1557.77, 
 1599.42, 
 1565.01, 
 1563.44, 
 1566.57, 
 1603.89, 
 1628.94, 
 1663.70, 
 1765.46, 
 1784.98, 
 1787.15, 
 1803.38, 
 1779.40, 
 1776.20, 
 1795.14, 
 1809.04, 
 1814.67, 
 1846.99, 
 1800.80, 
 1832.71, 
 1855.54, 
 1891.71, 
 1900.95, 
 1885.27, 
 1888.12, 
 2121.32, 
 2077.72, 
 2053.17, 
 2044.68, 
 2053.65, 
 1979.39, 
 2058.48, 
 1961.77, 
 1960.82, 
 1962.60, 
 2011.47, 
 2021.40, 
 1933.01, 
 2063.21, 
 2062.20, 
 2080.84, 
 2083.09, 
 2062.33, 
 2027.50, 
 2048.14, 
 2028.81, 
 2051.96, 
 2087.24, 
 2164.74, 
 2192.95, 
 2243.37, 
 2293.33, 
 2232.70, 
 2355.73, 
 2358.72, 
 2340.49, 
 2352.39, 
 2225.12, 
 2203.46, 
 2260.16, 
 2315.32, 
 2220.50, 
 2228.96, 
 2196.52, 
 2219.43, 
 2177.91, 
 2202.17, 
 2239.61, 
 2324.54, 
 2308.20, 
 2264.05, 
 2271.35, 
 2230.88, 
 2378.35, 
 2344.15, 
 2299.20, 
 2291.68, 
 2281.87, 
 2352.04, 
 2355.34, 
 2209.72, 
 2267.11, 
 2268.78, 
 2240.78, 
 2221.42, 
 2330.44, 
 2344.29, 
 2584.38, 
 2618.01, 
 2522.54, 
 2578.19, 
 2472.87, 
 2511.78, 
 2587.40, 
 2530.19, 
 2470.81, 
 2492.00, 
 2472.01, 
 2457.05, 
 2314.20, 
 2242.60, 
 2235.02, 
 2218.64, 
 2267.68, 
 2267.94, 
 2256.90, 
 2317.60, 
 2343.01, 
 2283.14, 
 2304.28, 
 2309.06, 
 2296.49, 
 2289.79, 
 2301.83, 
 2372.64, 
 2425.10, 
 2419.55, 
 2486.56, 
 2500.24, 
 2507.21, 
 2659.99, 
 2639.99, 
 2774.81, 
 2822.59, 
 2801.80, 
 2785.93, 
 2881.20, 
 2944.80, 
 3014.81, 
 2967.90, 
 2971.40, 
 2922.24, 
 2992.62, 
 3112.59, 
 3175.94, 
 3242.36, 
 3383.10, 
 3340.09, 
 3433.43, 
 3421.40, 
 3487.81, 
 3627.76, 
 3553.65, 
 3818.59, 
 3868.76, 
 3883.36, 
 3905.21, 
 3878.47, 
 4064.80, 
 3979.96, 
 4004.79, 
 3881.70, 
 3742.19, 
 3523.09, 
 3644.71, 
 3520.46, 
 3158.64, 
 3516.53, 
 3492.85, 
 3336.35, 
 3329.53, 
 3454.98, 
 3590.42, 
 3587.33, 
 3501.19, 
 3560.49, 
 3509.74, 
 3505.64, 
 3645.29, 
 3503.80, 
 3278.96, 
 3310.83, 
 3327.40, 
 3317.85, 
 3351.59, 
 3454.20, 
 3694.61, 
 3506.39, 
 3545.64, 
 3502.52, 
 3237.43, 
 3007.01, 
 3155.11, 
 3101.99, 
 3084.22, 
 2985.41, 
 3064.40, 
 3056.46, 
 3155.79, 
 3147.67, 
 3200.20, 
 3219.46, 
 3140.80, 
 3155.80, 
 3131.30, 
 3255.56, 
 3263.45, 
 3216.73, 
 3014.05, 
 2972.46, 
 2986.19, 
 3102.61, 
 3117.23, 
 3136.41, 
 3062.60, 
 3005.69, 
 2974.21, 
 3036.23, 
 2909.99, 
 2912.45, 
 2929.29, 
 2950.99, 
 2881.93, 
 3032.55, 
 2944.70, 
 3092.01, 
 3122.94, 
 3071.19, 
 3661.78, 
 3789.60, 
 3737.73, 
 3783.61, 
 3728.28, 
 3749.26, 
 3826.47, 
 3894.22, 
 3844.69, 
 3767.43, 
 3747.91, 
 3762.59, 
 3815.93, 
 3782.10, 
 3767.07, 
 3810.24, 
 3865.15, 
 3812.93, 
 3678.31, 
 3681.57, 
 3706.32, 
 3667.86, 
 3537.19, 